model,accuracy,precision,recall,f1,roc_auc
decision_tree,0.6983154469838104,0.27849703105227297,0.9187540141297367,0.4274295958765967,0.8455945222238098
logistic_regression,0.6407861247408885,0.25110387459984546,0.9739884393063584,0.39927157839308436,0.8385122073078416
extra_trees,0.861614756894335,0.3497008973080758,0.15018197388139584,0.21012430732364834,0.8249203968303356
random_forest,0.8665083571672221,0.35905245346869713,0.11357311068293727,0.17256241359681224,0.8318256610957973
hist_gradient_boosting,0.8772926451680617,0.4,0.002354956112181546,0.004682345429392359,0.8573966790534899
